Domain,Status,Attractiveness,Demand,Length,Sectors,Created,Expires,Registrar
one.immobilien,expiring,132,44%,3,"Business,General,Media,Technology",16/08/2022 12:42,16/08/2025 12:42,"Ascio Technologies, Inc. Danmark - Filial af Ascio technologies, Inc. USA"
second.immobilien,available,120,23%,6,"General,Mathematics",,,
flat.immobilien,available,116,24%,4,"Construction,Real Estate",,,
tenth.immobilien,available,116,7%,5,Mathematics,,,
zero.immobilien,available,112,49%,4,Mathematics,,,
eight.immobilien,available,102,23%,5,"General,Mathematics",,,
sixth.immobilien,available,100,8%,5,Mathematics,,,
eighth.immobilien,available,100,6%,6,Mathematics,,,
crack.immobilien,available,100,20%,5,Sports,,,
third.immobilien,available,100,16%,5,Mathematics,,,
ninth.immobilien,available,100,9%,5,Mathematics,,,
nought.immobilien,available,92,4%,6,Mathematics,,,
twentieth.immobilien,available,92,3%,9,Mathematics,,,
leash.immobilien,available,90,7%,5,"General,Health and Fitness,Retail",,,
eleven.immobilien,available,88,33%,6,Mathematics,,,
ten.immobilien,available,88,28%,3,"General,Mathematics",,,
hundred.immobilien,available,88,14%,7,Mathematics,,,
sixteen.immobilien,available,88,11%,7,Mathematics,,,
twelve.immobilien,available,88,18%,6,"General,Mathematics",,,
three.immobilien,available,88,24%,5,Mathematics,,,
ace.immobilien,available,88,34%,3,Sports,,,
xiv.immobilien,available,86,12%,3,Mathematics,,,
cipher.immobilien,available,86,29%,6,Mathematics,,,
xix.immobilien,available,86,11%,3,Mathematics,,,
thirteen.immobilien,available,84,10%,8,Mathematics,,,
nineteen.immobilien,available,84,8%,8,Mathematics,,,
grand.immobilien,available,84,25%,5,"Finance,General",,,
twentyone.immobilien,available,84,13%,10,Mathematics,,,
fourteen.immobilien,available,84,8%,8,Mathematics,,,
thousand.immobilien,available,84,8%,8,Mathematics,,,
twentytwo.immobilien,available,84,11%,10,Mathematics,,,
seventeen.immobilien,available,84,7%,9,Mathematics,,,
dozen.immobilien,available,82,10%,5,Mathematics,,,
decade.immobilien,available,82,10%,6,Mathematics,,,
fivesome.immobilien,available,82,1%,8,Sports,,,
two.immobilien,available,80,24%,3,Mathematics,,,
nine.immobilien,available,80,24%,4,"General,Mathematics",,,
trio.immobilien,available,80,21%,4,Entertainment,,,
twenty.immobilien,available,80,12%,6,Mathematics,,,
seventh.immobilien,available,80,10%,7,Mathematics,,,
forty.immobilien,available,80,9%,5,Mathematics,,,
sixtynine.immobilien,available,78,8%,10,Mathematics,,,
twentysix.immobilien,available,78,8%,10,Mathematics,,,
hundredth.immobilien,available,76,1%,9,Mathematics,,,
firstrate.immobilien,available,76,6%,10,Business,,,
nineteenth.immobilien,available,76,3%,10,Mathematics,,,
threed.immobilien,available,76,7%,7,Technology,,,
fourteenth.immobilien,available,76,1%,10,Mathematics,,,
thousandth.immobilien,available,76,1%,10,Mathematics,,,
fifteenth.immobilien,available,76,2%,9,Mathematics,,,
thirteenth.immobilien,available,76,4%,10,Mathematics,,,
eighteen.immobilien,available,76,7%,8,Mathematics,,,
single.immobilien,available,74,19%,6,Sports,,,
eightieth.immobilien,available,72,1%,9,Mathematics,,,
trinity.immobilien,available,72,18%,7,Religion,,,
trey.immobilien,available,72,14%,4,Sports,,,
seventieth.immobilien,available,72,1%,10,Mathematics,,,
ninetieth.immobilien,available,72,1%,9,Mathematics,,,
sixtieth.immobilien,available,72,1%,8,Mathematics,,,
ternary.immobilien,available,72,7%,7,Mathematics,,,
tiptop.immobilien,available,70,24%,6,Fashion,,,
unity.immobilien,available,70,40%,5,Mathematics,,,
threesome.immobilien,available,68,5%,9,Entertainment,,,
fiftieth.immobilien,available,68,0%,8,Mathematics,,,
septenary.immobilien,available,68,1%,9,Mathematics,,,
ennead.immobilien,available,68,5%,6,Mathematics,,,
thirtieth.immobilien,available,68,1%,9,Mathematics,,,
sevener.immobilien,available,68,1%,7,Mathematics,,,
foursome.immobilien,available,68,4%,8,Sports,,,
octonary.immobilien,available,68,1%,8,Mathematics,,,
fortieth.immobilien,available,68,0%,8,Mathematics,,,
ane.immobilien,available,68,12%,3,Mathematics,,,
xxii.immobilien,available,66,6%,4,Mathematics,,,
ninety.immobilien,available,66,11%,6,Mathematics,,,
five.immobilien,available,66,26%,4,Mathematics,,,
latest.immobilien,available,66,18%,6,Technology,,,
four.immobilien,available,66,27%,4,Mathematics,,,
xiii.immobilien,available,66,9%,4,Mathematics,,,
xvii.immobilien,available,66,5%,4,Mathematics,,,
clv.immobilien,available,66,10%,3,Mathematics,,,
acappella.immobilien,available,66,6%,10,Entertainment,,,
century.immobilien,available,66,17%,7,Education,,,
xxi.immobilien,available,66,10%,3,Mathematics,,,
six.immobilien,available,66,26%,3,Mathematics,,,
deuce.immobilien,available,66,9%,5,Sports,,,
tenner.immobilien,available,66,5%,6,Finance,,,
xviii.immobilien,available,66,5%,5,Mathematics,,,
onec.immobilien,available,66,6%,5,Mathematics,,,
xxvi.immobilien,available,66,3%,4,Mathematics,,,
eighty.immobilien,available,66,6%,6,Mathematics,,,
fifty.immobilien,available,66,12%,5,Mathematics,,,
xii.immobilien,available,66,10%,3,Mathematics,,,
thirty.immobilien,available,66,8%,6,Mathematics,,,
xvi.immobilien,available,66,5%,3,Mathematics,,,
sextet.immobilien,available,66,1%,6,Entertainment,,,
xxv.immobilien,available,66,6%,3,Mathematics,,,
troika.immobilien,available,62,8%,6,Politics,,,
eleventh.immobilien,available,62,5%,8,Mathematics,,,
longdozen.immobilien,available,62,2%,10,Mathematics,,,
chiliad.immobilien,available,62,2%,7,Mathematics,,,
eighteenth.immobilien,available,62,1%,10,Mathematics,,,
fortyfour.immobilien,available,62,6%,10,Mathematics,,,
sixteenth.immobilien,available,62,1%,9,Mathematics,,,
twodozen.immobilien,available,62,1%,9,Mathematics,,,
quartet.immobilien,available,62,7%,7,"Arts,Entertainment",,,
cxxxv.immobilien,available,60,2%,5,Mathematics,,,
eightysix.immobilien,available,60,7%,10,Mathematics,,,
cxl.immobilien,available,60,7%,3,Mathematics,,,
clxxx.immobilien,available,60,1%,5,Mathematics,,,
cxlv.immobilien,available,60,2%,4,Mathematics,,,
cxxv.immobilien,available,60,1%,4,Mathematics,,,
sixty.immobilien,available,60,13%,5,Mathematics,,,
clxxv.immobilien,available,60,1%,5,Mathematics,,,
cxxx.immobilien,available,60,4%,4,Mathematics,,,
tertiary.immobilien,available,60,4%,8,Education,,,
clx.immobilien,available,60,10%,3,Mathematics,,,
cxx.immobilien,available,60,10%,3,Mathematics,,,
thou.immobilien,available,60,7%,4,Mathematics,,,
clxv.immobilien,available,60,1%,4,Mathematics,,,
clxx.immobilien,available,60,3%,4,Mathematics,,,
xcl.immobilien,available,60,5%,3,Mathematics,,,
cxv.immobilien,available,60,4%,3,Mathematics,,,
sextuplet.immobilien,available,58,1%,9,Healthcare,,,
fourth.immobilien,available,58,13%,6,Mathematics,,,
fifth.immobilien,available,58,12%,5,Mathematics,,,
heptad.immobilien,available,58,1%,6,Mathematics,,,
hexad.immobilien,available,58,4%,5,Mathematics,,,
twelfth.immobilien,available,58,2%,7,Mathematics,,,
seventy.immobilien,available,58,7%,7,Mathematics,,,
alacarte.immobilien,available,58,11%,10,Food and Beverage,,,
seven.immobilien,available,58,36%,5,Mathematics,,,
sixtyone.immobilien,available,58,3%,9,Mathematics,,,
eighter.immobilien,available,58,2%,7,Mathematics,,,
cypher.immobilien,available,58,29%,6,Mathematics,,,
octad.immobilien,available,58,5%,5,Mathematics,,,
tetrad.immobilien,available,58,5%,6,Mathematics,,,
niner.immobilien,available,58,5%,5,Mathematics,,,
fourscore.immobilien,available,58,4%,9,Mathematics,,,
sixer.immobilien,available,58,5%,5,Sports,,,
centesimal.immobilien,available,58,1%,10,Mathematics,,,
lxxx.immobilien,available,58,2%,4,Mathematics,,,
pentad.immobilien,available,58,2%,6,Mathematics,,,
thirtyone.immobilien,available,56,5%,10,Mathematics,,,
fiftyfive.immobilien,available,56,7%,10,Mathematics,,,
xlvii.immobilien,available,56,2%,5,Mathematics,,,
fiftysix.immobilien,available,56,4%,9,Mathematics,,,
xxxvii.immobilien,available,56,2%,6,Mathematics,,,
lii.immobilien,available,56,7%,3,Mathematics,,,
xxix.immobilien,available,56,4%,4,Mathematics,,,
lvi.immobilien,available,56,8%,3,Mathematics,,,
xliv.immobilien,available,56,2%,4,Mathematics,,,
xlviii.immobilien,available,56,1%,6,Mathematics,,,
thirtytwo.immobilien,available,56,5%,10,Mathematics,,,
fiftytwo.immobilien,available,56,6%,9,Mathematics,,,
fiftyone.immobilien,available,56,7%,9,Mathematics,,,
xxiv.immobilien,available,56,5%,4,Mathematics,,,
xxxv.immobilien,available,56,4%,4,Mathematics,,,
fortynine.immobilien,available,56,3%,10,Mathematics,,,
thirtysix.immobilien,available,56,5%,10,Mathematics,,,
xxxiii.immobilien,available,56,2%,6,Mathematics,,,
xlvi.immobilien,available,56,3%,4,Mathematics,,,
xxxviii.immobilien,available,56,1%,7,Mathematics,,,
fiftyfour.immobilien,available,56,3%,10,Mathematics,,,
xxvii.immobilien,available,56,3%,5,Mathematics,,,
lvii.immobilien,available,56,1%,4,Mathematics,,,
xlv.immobilien,available,56,6%,3,Mathematics,,,
xxxi.immobilien,available,56,9%,4,Mathematics,,,
ilx.immobilien,available,56,5%,3,Mathematics,,,
xliii.immobilien,available,56,1%,5,Mathematics,,,
fiftynine.immobilien,available,56,4%,10,Mathematics,,,
xxxiv.immobilien,available,56,1%,5,Mathematics,,,
fortytwo.immobilien,available,56,17%,9,Mathematics,,,
xli.immobilien,available,56,5%,3,Mathematics,,,
fortysix.immobilien,available,56,3%,9,Mathematics,,,
fortyone.immobilien,available,56,4%,9,Mathematics,,,
xxxii.immobilien,available,56,1%,5,Mathematics,,,
lviii.immobilien,available,56,1%,5,Mathematics,,,
xlii.immobilien,available,56,5%,4,Mathematics,,,
xxviii.immobilien,available,56,1%,6,Mathematics,,,
xxiii.immobilien,available,56,5%,5,Mathematics,,,
aone.immobilien,available,56,15%,5,Food and Beverage,,,
liii.immobilien,available,56,4%,4,Mathematics,,,
halfdozen.immobilien,available,56,1%,10,Mathematics,,,
xxxvi.immobilien,available,56,1%,5,Mathematics,,,
viii.immobilien,available,54,6%,4,Mathematics,,,
fortyfive.immobilien,available,54,4%,10,Mathematics,,,
quaternion.immobilien,available,54,6%,10,Mathematics,,,
deuceace.immobilien,available,54,2%,9,Sports,,,
quaternity.immobilien,available,54,4%,10,Mathematics,,,
quatern.immobilien,available,54,2%,7,Mathematics,,,
vii.immobilien,available,54,13%,3,Mathematics,,,
topnotch.immobilien,available,54,18%,8,Business,,,
twoscore.immobilien,available,54,2%,8,Mathematics,,,
threescore.immobilien,available,54,1%,10,Mathematics,,,
eightytwo.immobilien,available,52,4%,10,Mathematics,,,
xcvii.immobilien,available,52,1%,5,Mathematics,,,
xcii.immobilien,available,52,2%,4,Mathematics,,,
eightyone.immobilien,available,52,3%,10,Mathematics,,,
lxxv.immobilien,available,52,1%,4,Mathematics,,,
lxxii.immobilien,available,52,1%,5,Mathematics,,,
xcviii.immobilien,available,52,1%,6,Mathematics,,,
lxxxiii.immobilien,available,52,1%,7,Mathematics,,,
lxviii.immobilien,available,52,1%,6,Mathematics,,,
lxxiv.immobilien,available,52,1%,5,Mathematics,,,
lxxxi.immobilien,available,52,1%,5,Mathematics,,,
xciii.immobilien,available,52,1%,5,Mathematics,,,
ninetytwo.immobilien,available,52,4%,10,Mathematics,,,
xcv.immobilien,available,52,7%,3,Mathematics,,,
lxiv.immobilien,available,52,3%,4,Mathematics,,,
sixtytwo.immobilien,available,52,3%,9,Mathematics,,,
lxvi.immobilien,available,52,3%,4,Mathematics,,,
lxvii.immobilien,available,52,1%,5,Mathematics,,,
lxxvi.immobilien,available,52,1%,5,Mathematics,,,
lxii.immobilien,available,52,1%,4,Mathematics,,,
ixc.immobilien,available,52,5%,3,Mathematics,,,
lxxvii.immobilien,available,52,2%,6,Mathematics,,,
lxxxii.immobilien,available,52,1%,6,Mathematics,,,
lxxxiv.immobilien,available,52,1%,6,Mathematics,,,
sixtyfour.immobilien,available,52,3%,10,Mathematics,,,
ninetyone.immobilien,available,52,5%,10,Mathematics,,,
xci.immobilien,available,52,4%,3,Mathematics,,,
lxv.immobilien,available,52,5%,3,Mathematics,,,
lxxiii.immobilien,available,52,1%,6,Mathematics,,,
ixl.immobilien,available,52,9%,3,Mathematics,,,
xcvi.immobilien,available,52,2%,4,Mathematics,,,
lxxxvi.immobilien,available,52,1%,6,Mathematics,,,
ninetysix.immobilien,available,52,4%,10,Mathematics,,,
lxi.immobilien,available,52,5%,3,Mathematics,,,
lxiii.immobilien,available,52,2%,5,Mathematics,,,
xciv.immobilien,available,52,2%,4,Mathematics,,,
lxxxvii.immobilien,available,52,1%,7,Mathematics,,,
sixtysix.immobilien,available,52,4%,9,Mathematics,,,
lxxi.immobilien,available,52,1%,4,Mathematics,,,
sixtyfive.immobilien,available,52,3%,10,Mathematics,,,
lxxxv.immobilien,available,52,1%,5,Mathematics,,,
cinque.immobilien,available,50,7%,6,Mathematics,,,
triplet.immobilien,available,50,8%,7,Science,,,
ogdoad.immobilien,available,50,1%,6,Mathematics,,,
lxx.immobilien,available,50,5%,3,Mathematics,,,
lxxxviii.immobilien,available,48,1%,8,Mathematics,,,
quaternary.immobilien,available,46,3%,10,Mathematics,,,